-- ─────────────────────────────────────────────────────────────────────────────
-- 004_setup_customers_table.sql
-- Minimal AHBRP customer schema + fake seed data for /customers/find tests.
-- Works alongside 001/002 holding setup scripts.
-- ─────────────────────────────────────────────────────────────────────────────

ALTER SESSION SET CONTAINER = FREEPDB1;
CONNECT ahbrp/password@FREEPDB1;

-- ── Customer/party cluster — aligned to canonical SAM schema ─────────────────
-- party / party_state / party_role / bs7666_address are owned by 001 (canonical
-- there). The tables below are created here; DROPped first so re-boot over a
-- persisted volume recreates them fresh. New NOT NULL columns use literal
-- DEFAULTs; surrogate PKs use IDENTITY. FKs are added in 009 after all data loads.
-- (The old 002 "ALTER party ADD secondary_contact_full_name" is gone — 001's
--  canonical PARTY already has that column.)
BEGIN EXECUTE IMMEDIATE 'DROP TABLE address_usage CASCADE CONSTRAINTS PURGE';          EXCEPTION WHEN OTHERS THEN NULL; END;
/
BEGIN EXECUTE IMMEDIATE 'DROP TABLE party_contact_address CASCADE CONSTRAINTS PURGE';  EXCEPTION WHEN OTHERS THEN NULL; END;
/
BEGIN EXECUTE IMMEDIATE 'DROP TABLE alt_party_identity CASCADE CONSTRAINTS PURGE';     EXCEPTION WHEN OTHERS THEN NULL; END;
/
BEGIN EXECUTE IMMEDIATE 'DROP TABLE organisation CASCADE CONSTRAINTS PURGE';           EXCEPTION WHEN OTHERS THEN NULL; END;
/
BEGIN EXECUTE IMMEDIATE 'DROP TABLE person CASCADE CONSTRAINTS PURGE';                 EXCEPTION WHEN OTHERS THEN NULL; END;
/
BEGIN EXECUTE IMMEDIATE 'DROP TABLE party_version CASCADE CONSTRAINTS PURGE';          EXCEPTION WHEN OTHERS THEN NULL; END;
/
BEGIN EXECUTE IMMEDIATE 'DROP TABLE telecom_address CASCADE CONSTRAINTS PURGE';        EXCEPTION WHEN OTHERS THEN NULL; END;
/
BEGIN EXECUTE IMMEDIATE 'DROP TABLE address CASCADE CONSTRAINTS PURGE';                EXCEPTION WHEN OTHERS THEN NULL; END;
/

CREATE TABLE address (
  address_pk                NUMBER       NOT NULL,
  address_type              VARCHAR2(20) DEFAULT 'POSTAL' NOT NULL,
  non_postal_address_ind    CHAR(1)      DEFAULT 'N' NOT NULL,
  non_paf_file_address_ind  CHAR(1)      DEFAULT 'N' NOT NULL,
  udprn                     CHAR(8),
  address_from_date         DATE         DEFAULT DATE '2000-01-01' NOT NULL,
  address_to_date           DATE,
  CONSTRAINT pk_address PRIMARY KEY (address_pk),
  CONSTRAINT ck_addr_postal_address_ind CHECK (non_postal_address_ind IN ('Y', 'N')),
  CONSTRAINT ck_addr_paf_file_address_ind CHECK (non_paf_file_address_ind IN ('Y', 'N'))
);

CREATE TABLE telecom_address (
  telecom_address_pk        NUMBER        NOT NULL,
  telecom_address_type      VARCHAR2(20)  NOT NULL,
  telecom_address_from_date DATE          DEFAULT DATE '2000-01-01' NOT NULL,
  telecom_address_to_date   DATE,
  internet_email_address    VARCHAR2(255),
  telephone_country_code    VARCHAR2(3),
  fax_number                VARCHAR2(35),
  extension_number          VARCHAR2(10),
  telephone_number          VARCHAR2(35),
  mobile_number             VARCHAR2(35),
  CONSTRAINT pk_telecom_address PRIMARY KEY (telecom_address_pk)
);

-- PARTY_VERSION_*_DATETIME kept as DATE (real: TIMESTAMP(3)) — documented divergence
-- (plan Risks): find-customers/get-customer-types compare PARTY_VERSION_TO_DATETIME
-- to the literal '31-DEC-9999' via NLS_DATE_FORMAT; a TIMESTAMP(3) column risks
-- ORA-01830/01858 under the DB-default NLS the app relies on. Equality-only, never
-- returned, so DATE is behaviourally identical for the fixture.
CREATE TABLE party_version (
  party_pk                     NUMBER       NOT NULL,
  party_version_pk             NUMBER       GENERATED BY DEFAULT AS IDENTITY,
  party_id                     VARCHAR2(20),
  party_type                   VARCHAR2(20) NOT NULL,
  preferred_language_code      VARCHAR2(20),
  party_ah_memo                VARCHAR2(4000),
  party_migrated_datetime      TIMESTAMP(3),
  party_mig_detail_check_ind   CHAR(1),
  party_data_last_check_dttm   TIMESTAMP(3),
  party_version_from_datetime  DATE         DEFAULT DATE '2000-01-01' NOT NULL,
  party_version_to_datetime    DATE         NOT NULL,
  party_data_check_deferred_dt DATE,
  password                     VARCHAR2(35),
  password_hint                VARCHAR2(20),
  authentication_refused_ind   CHAR(1),
  secondary_contact_full_name  VARCHAR2(70),
  CONSTRAINT pk_party_version PRIMARY KEY (party_version_pk),
  CONSTRAINT ck_pver_mig_detail_check_ind CHECK (party_mig_detail_check_ind IN ('Y', 'N', '?'))
);

CREATE TABLE person (
  party_pk            NUMBER       NOT NULL,
  person_title        VARCHAR2(35),
  person_given_name   VARCHAR2(35),
  person_given_name2  VARCHAR2(35),
  person_initials     VARCHAR2(35),
  person_family_name  VARCHAR2(35) NOT NULL,
  date_of_birth       DATE,
  memorable_date      DATE,
  memorable_date_hint VARCHAR2(255),
  date_of_death       DATE,
  digital_signature   BLOB,
  CONSTRAINT pk_person PRIMARY KEY (party_pk)
);
CREATE INDEX ix_pers_func_family_name ON person (person_family_name, party_pk);
CREATE INDEX ix_pers_func_given_name ON person (person_given_name, party_pk);

CREATE TABLE organisation (
  party_pk                   NUMBER        NOT NULL,
  organisation_name          VARCHAR2(255) NOT NULL,
  organisation_type          VARCHAR2(20)  DEFAULT 'COMPANY' NOT NULL,
  head_office_indicator      CHAR(1),
  organisation_description   VARCHAR2(255),
  primary_contact_full_name  VARCHAR2(70),
  organisational_unit_type   VARCHAR2(20),
  CONSTRAINT pk_organisation PRIMARY KEY (party_pk),
  CONSTRAINT ck_orga_head_office_indicator CHECK (head_office_indicator IN ('Y', 'N', '?'))
);
CREATE INDEX ix_orga_func_pri_contact ON organisation (primary_contact_full_name, party_pk);

CREATE TABLE party_contact_address (
  party_contact_address_pk  NUMBER NOT NULL,
  party_pk                  NUMBER,
  party_role_pk             NUMBER,
  telecom_address_pk        NUMBER,
  address_pk                NUMBER,
  party_contact_from_date   DATE   DEFAULT DATE '2000-01-01' NOT NULL,
  party_contact_to_date     DATE,
  CONSTRAINT pk_party_contact_address PRIMARY KEY (party_contact_address_pk)
);
CREATE INDEX ix_pcad_address_party_contact ON party_contact_address (address_pk, party_contact_address_pk);

-- HAZARD (mirrors canonical, which also has no natural-key UK here): the surrogate
-- PK does not stop multiple open (to_date NULL) usage rows per PARTY_CONTACT_ADDRESS.
-- find-customers joins ADDRESS_USAGE on party_contact_address_pk, so a future seed
-- adding a second open usage row per PCA would fan out results. The seed keeps
-- exactly one open usage row per PCA; do not add duplicates. (Same applies to
-- PARTY_VERSION per (party_pk, party_type, to_datetime).)
CREATE TABLE address_usage (
  address_usage_pk             NUMBER       GENERATED BY DEFAULT AS IDENTITY,
  party_contact_address_pk     NUMBER       NOT NULL,
  address_usage_type           VARCHAR2(20) NOT NULL,
  address_usage_name           VARCHAR2(35),
  address_usage_language_cd    VARCHAR2(20),
  preferred_contact_method_ind CHAR(1),
  address_usage_from_date      DATE         DEFAULT DATE '2000-01-01' NOT NULL,
  address_usage_to_date        DATE,
  CONSTRAINT pk_address_usage PRIMARY KEY (address_usage_pk),
  CONSTRAINT ck_ausa_contact_method_ind CHECK (preferred_contact_method_ind IN ('Y', 'N', '?'))
);

CREATE TABLE alt_party_identity (
  alt_party_identity_pk      NUMBER       GENERATED BY DEFAULT AS IDENTITY,
  party_pk                   NUMBER       NOT NULL,
  alt_party_identity_type    VARCHAR2(20) NOT NULL,
  alt_party_identity_value   VARCHAR2(80),
  alt_party_identity_from_date DATE       DEFAULT DATE '2000-01-01' NOT NULL,
  alt_party_identity_to_date DATE,
  CONSTRAINT pk_alt_party_identity PRIMARY KEY (alt_party_identity_pk)
);
CREATE INDEX ix_apid_pk_type ON alt_party_identity (party_pk, alt_party_identity_type);
CREATE INDEX ix_apid_type_value ON alt_party_identity (alt_party_identity_type, alt_party_identity_value);

-- Helpful (non-canonical) covering indexes retained for query performance
BEGIN EXECUTE IMMEDIATE 'CREATE INDEX idx_ps_party_status ON party_state (party_pk, party_status_code, party_state_to_dttm)'; EXCEPTION WHEN OTHERS THEN NULL; END;
/
BEGIN EXECUTE IMMEDIATE 'CREATE INDEX idx_pca_party_pk ON party_contact_address (party_pk)'; EXCEPTION WHEN OTHERS THEN NULL; END;
/
BEGIN EXECUTE IMMEDIATE 'CREATE INDEX idx_pca_telecom_pk ON party_contact_address (telecom_address_pk)'; EXCEPTION WHEN OTHERS THEN NULL; END;
/
BEGIN EXECUTE IMMEDIATE 'CREATE INDEX idx_addr_usage_to_date ON address_usage (address_usage_to_date)'; EXCEPTION WHEN OTHERS THEN NULL; END;
/

-- Ensure deterministic seed values for two fake customers used by route tests
DELETE FROM address_usage
WHERE party_contact_address_pk IN (81001, 81002, 81003, 82001, 82002, 82003);

DELETE FROM party_contact_address
WHERE party_contact_address_pk IN (81001, 81002, 81003, 82001, 82002, 82003);

DELETE FROM telecom_address
WHERE telecom_address_pk IN (91001, 91002, 91003);

DELETE FROM bs7666_address
WHERE address_pk IN (71001, 71002, 71003);

DELETE FROM address
WHERE address_pk IN (71001, 71002, 71003);

DELETE FROM alt_party_identity
WHERE party_pk IN (61001, 61002, 61003);

DELETE FROM organisation
WHERE party_pk IN (61001, 61002, 61003);

DELETE FROM person
WHERE party_pk IN (61001, 61002, 61003);

DELETE FROM party_version
WHERE party_pk IN (61001, 61002, 61003);

DELETE FROM party_state
WHERE party_pk IN (61001, 61002, 61003);

DELETE FROM party
WHERE party_pk IN (61001, 61002, 61003)
   OR party_id IN ('C123456', 'C234567', 'O123456');

-- Parent ADDRESS rows for the BS7666_ADDRESS location addresses seeded in 001
-- (9001/9002) and 005 (92001/92002). Real SAM BS7666_ADDRESS shares ADDRESS_PK
-- with a parent ADDRESS (1:1); these satisfy the BS7666→ADDRESS FK added in 009.
INSERT INTO address (address_pk) VALUES (9001);
INSERT INTO address (address_pk) VALUES (9002);
INSERT INTO address (address_pk) VALUES (92001);
INSERT INTO address (address_pk) VALUES (92002);

-- Customer C123456: person with postal address + email + mobile
INSERT INTO party (party_pk, party_id, secondary_contact_full_name)
VALUES (61001, 'C123456', NULL);

INSERT INTO party_state (party_pk, party_status_code, party_state_to_dttm)
VALUES (61001, 'ACTIVE', NULL);

INSERT INTO party_version (party_pk, party_type, party_version_to_datetime)
VALUES (61001, 'PERSON', DATE '9999-12-31');

INSERT INTO person (
  party_pk, person_title, person_given_name, person_given_name2, person_family_name
)
VALUES (
  61001, 'MR', 'Bert', NULL, 'Farmer'
);

INSERT INTO address (address_pk, address_to_date)
VALUES (71001, NULL);

INSERT INTO bs7666_address (
  address_pk,
  paon_start_number,
  paon_start_number_suffix,
  paon_end_number,
  paon_end_number_suffix,
  paon_description,
  saon_description,
  saon_start_number,
  saon_start_number_suffix,
  saon_end_number,
  saon_end_number_suffix,
  street,
  locality,
  town,
  administrative_area,
  postcode,
  uk_internal_code,
  country_code
)
VALUES (
  71001,
  12,
  NULL,
  NULL,
  NULL,
  'Rose cottage',
  NULL,
  12,
  NULL,
  NULL,
  NULL,
  'Street',
  NULL,
  'Town',
  'County',
  '1AA A11',
  'UKX001',
  NULL
);

INSERT INTO party_contact_address (
  party_contact_address_pk, party_pk, address_pk, telecom_address_pk, party_contact_to_date
)
VALUES (
  81001, 61001, 71001, NULL, NULL
);

INSERT INTO address_usage (
  party_contact_address_pk, address_usage_type, preferred_contact_method_ind, address_usage_to_date
)
VALUES (
  81001, 'POSTAL', 'N', NULL
);

INSERT INTO telecom_address (
  telecom_address_pk,
  telecom_address_type,
  telecom_address_to_date,
  mobile_number,
  telephone_number,
  internet_email_address
)
VALUES (
  91001,
  'EMAIL',
  NULL,
  NULL,
  NULL,
  'example@example.com'
);

INSERT INTO party_contact_address (
  party_contact_address_pk, party_pk, address_pk, telecom_address_pk, party_contact_to_date
)
VALUES (
  82001, 61001, NULL, 91001, NULL
);

INSERT INTO address_usage (
  party_contact_address_pk, address_usage_type, preferred_contact_method_ind, address_usage_to_date
)
VALUES (
  82001, 'EMAIL', 'N', NULL
);

INSERT INTO telecom_address (
  telecom_address_pk,
  telecom_address_type,
  telecom_address_to_date,
  mobile_number,
  telephone_number,
  internet_email_address
)
VALUES (
  91002,
  'MOBILE',
  NULL,
  '+44 11111 11111',
  NULL,
  NULL
);

INSERT INTO party_contact_address (
  party_contact_address_pk, party_pk, address_pk, telecom_address_pk, party_contact_to_date
)
VALUES (
  82002, 61001, NULL, 91002, NULL
);

INSERT INTO address_usage (
  party_contact_address_pk, address_usage_type, preferred_contact_method_ind, address_usage_to_date
)
VALUES (
  82002, 'MOBILE', 'Y', NULL
);

-- Organisation O123456: organisation record that should be excluded by /customers/find
-- party_type set explicitly so PARTY.PARTY_TYPE matches the PARTY_VERSION type
-- (avoids an internal inconsistency; PARTY.PARTY_TYPE is not read by any query).
INSERT INTO party (party_pk, party_id, party_type, secondary_contact_full_name)
VALUES (61003, 'O123456', 'ORGANISATION', 'John Contact');

INSERT INTO party_state (party_pk, party_status_code, party_state_to_dttm)
VALUES (61003, 'ACTIVE', NULL);

INSERT INTO party_version (party_pk, party_type, party_version_to_datetime)
VALUES (61003, 'ORGANISATION', DATE '9999-12-31');

INSERT INTO organisation (
  party_pk, organisation_name, primary_contact_full_name
)
VALUES (
  61003, 'Acme Farms Ltd', 'Jane Contact'
);

INSERT INTO address (address_pk, address_to_date)
VALUES (71003, NULL);

INSERT INTO bs7666_address (
  address_pk,
  paon_start_number,
  paon_start_number_suffix,
  paon_end_number,
  paon_end_number_suffix,
  paon_description,
  saon_description,
  saon_start_number,
  saon_start_number_suffix,
  saon_end_number,
  saon_end_number_suffix,
  street,
  locality,
  town,
  administrative_area,
  postcode,
  uk_internal_code,
  country_code
)
VALUES (
  71003,
  100,
  NULL,
  NULL,
  NULL,
  'Head office',
  NULL,
  NULL,
  NULL,
  NULL,
  NULL,
  'Enterprise Way',
  NULL,
  'Town',
  'County',
  '2BB B22',
  'UKX002',
  'GB'
);

INSERT INTO party_contact_address (
  party_contact_address_pk, party_pk, address_pk, telecom_address_pk, party_contact_to_date
)
VALUES (
  81003, 61003, 71003, NULL, NULL
);

INSERT INTO address_usage (
  party_contact_address_pk, address_usage_type, preferred_contact_method_ind, address_usage_to_date
)
VALUES (
  81003, 'POSTAL', 'N', NULL
);

-- Customer C234567: person with minimal address shell + preferred landline
INSERT INTO party (party_pk, party_id, secondary_contact_full_name)
VALUES (61002, 'C234567', NULL);

INSERT INTO party_state (party_pk, party_status_code, party_state_to_dttm)
VALUES (61002, 'ACTIVE', NULL);

INSERT INTO party_version (party_pk, party_type, party_version_to_datetime)
VALUES (61002, 'PERSON', DATE '9999-12-31');

INSERT INTO person (
  party_pk, person_title, person_given_name, person_given_name2, person_family_name
)
VALUES (
  61002, 'MRS', 'Roberta', NULL, 'Farmer'
);

INSERT INTO address (address_pk, address_to_date)
VALUES (71002, NULL);

-- Postal contact exists (required by query), but no BS7666 row -> API emits empty addresses array
INSERT INTO party_contact_address (
  party_contact_address_pk, party_pk, address_pk, telecom_address_pk, party_contact_to_date
)
VALUES (
  81002, 61002, 71002, NULL, NULL
);

INSERT INTO telecom_address (
  telecom_address_pk,
  telecom_address_type,
  telecom_address_to_date,
  mobile_number,
  telephone_number,
  internet_email_address
)
VALUES (
  91003,
  'LANDLINE',
  NULL,
  NULL,
  '+44 1111 11111',
  NULL
);

INSERT INTO party_contact_address (
  party_contact_address_pk, party_pk, address_pk, telecom_address_pk, party_contact_to_date
)
VALUES (
  82003, 61002, NULL, 91003, NULL
);

INSERT INTO address_usage (
  party_contact_address_pk, address_usage_type, preferred_contact_method_ind, address_usage_to_date
)
VALUES (
  82003, 'LANDLINE', 'Y', NULL
);

COMMIT;
